# code	candidate1	candidate2	...
# Generated by: make update-sucheng-snapshot
# Locks Quick Classic Sucheng first-page ordering for alphabetic one/two-key codes.
a	日	曰
b	月
c	金
d	木
e	水
f	火
g	土
h	竹
i	戈
j	十
k	大	乂
l	中
m	一
n	弓
o	人
p	心
q	手
r	口
s	尸
t	廿
u	山
v	女
w	田
y	卜
aa	昌	晶	暑	間	暗	曙	昍	暙	闍
ab	明	晞	晴	閒	昺	晡	暠	暪	曘
ac	暝	闐	題	曠	顥	顯	晪	暊	曊
ad	杲	昧	閑	旴	冔	暆	閫	闑	㫲
ae	曼	最	暇	暖	暴	曖	曝	昄	昅
af	景	晾	照	煦	暸	闌	闖	炅	炚
ag	旺	量	閏	閨	曜	堲	晊	塈	暀
ah	易	閉	暘	影	昒	昐	昜	晜	晹
ai	昤	時	閎	閩	閥	曇	旳	昡	戥
aj	早	旱	暉	暈	聞	曄	闡	闢	旰
ak	昊	映	閔	闋	旲	旼	旻	猒	暌
al	即	昂	昕	晰	閘	昦	昴	郿	鄤
am	旦	昀	星	閂	晅	暄	暨	閆	暡
an	門	剔	旯	昑	昲	閌	閅
ao	是	曷	晁	閃	歇	閡	闕	昃	欥
ap	昆	匙	悶	曬	昵	曨
aq	闈	暐	暽	韙	闥	㫠
ar	昭	晌	問	晤	晷	閣	閤	暱	閭
as	昨	勗	曦	昉	昈	昮	晟	晇	勖
at	昇	昱	開	盟	闔	關	閞	暟	曀
au	巴	冒	既	眉	晃	冕	晚	閱	曉
av	艮	晏	晨	暍	曩	閬	闤	㫰	妟
aw	晒	闣	閪
ax	閻	閰
ay	晦	閼
ba	脂	睹	貊	賭	膾	贈	胉	眴	腊
bb	朋	肺	骨	脯	睛	賄	膈	冪	瞞
bc	貝	具	冥	腆	瞑	瞋	膩	賺	賸
bd	孚	爭	采	脖	睏	睬	睜	瞇	髁
be	受	服	肢	股	爰	販	愛	腹	腺
bf	炙	祭	然	賒	膘	瞟	縣	瞧	瞭
bg	肚	眶	睦	睢	腫	貍	膛	墾	瞠
bh	彤	盼	眇	豺	財	彩	彫	腸	膠
bi	肘	肱	冠	冤	眩	豹	腑	膊	賤
bj	罕	肝	軍	脾	睥	賊	辭	盰	肸
bk	奚	朕	胭	胸	敗	腋	睽	膜	瞰
bl	胛	腳	鼎	肵	盺	胂	眒	胹	郥
bm	且	肛	胚	胝	腔	腥	睡	賦	囗
bn	冗	刖	肌	刪	盯	則	剛	胰	貯
bo	冢	眨	眺	豚	腴	貶	睫	睞	賅
bp	眠	腮	懇	臆	懸	朧	矓	腍	膍
bq	用	胖	眸	舜	腱	瞬	眻	貄	膦
br	同	周	胎	胴	胳	貂	貼	貽	貉
bs	凸	肋	助	肪	胯	勝	膀	贓	臟
bt	冊	皿	胼	脰	瞌	瞪	臚	髒	體
bu	甩	目	見	乳	岡	肥	肫	盹	胞
bv	妥	罔	脈	眼	脤	脹	腰	腿	賑
bw	腦	瞄	貓	腷	膰	冨	腖
bx	舀	臍
by	丹	腓	脢	円	胩
ca	曾	鉑	錯	鈤	銆	鍺	錩	錔	錉
cb	鈉	鈽	銷	鋪	錦	鎬	鎘	鏑	鑰
cc	釜	貧	頒	頌	鋇	鎖	鎮	鐮	鑽
cd	銖	錚	鎳	鑠	釪	釨	鉌	銤	銌
ce	鈑	鈹	錄	鍍	鍛	鍰	鏝	鑤	鈒
cf	鍊	鍬	鎢	鏢	鏍	鑣	炃	鈥	鳻
cg	鈕	銓	銼	鋰	錐	鍾	鏜	鏗	鐘
ch	分	弟	鈔	鉍	銻	錫	鍚	釤	釮
ci	公	釵	釣	釩	鈴	鉉	錢	鏘	鐲
cj	針	鋅	鋒	銲	鏈	鐸	鑷	釬	鈄
ck	父	鈸	鉸	鎂	鍥	鏃	攽	敓	釱
cl	丫	斧	卻	釧	爺	鉀	鉚	弚	邠
cm	翁	釭	鈞	鉗	錘	鏟	鉦	鉭	鉏
cn	剃	爹	釘	釗	鈐	瓮	釔	釕	釚
co	欲	欽	鈇	錠	釽	鉯	鈲	銚	鋏
cp	忿	慾	錕	釴	鈊	鈚	鉈	鈮	鈱
cq	鍵	谻	鉡	鉾	鍏	鏻	鐽	銉	鎿
cr	谷	釦	鈷	鉛	鉤	銅	銘	鉻	鋁
cs	兮	鈣	鉅	銬	鋤	鍔	鎊	鐫	釢
ct	盆	鉼	錳	鎰	鑑	鑪	弅	鈃	鋀
cu	兌	岔	爸	鈍	鉋	銑	銳	鋼	鏡
cv	銀	銨	錶	鏤	鑲	釹	鉞	銥	鋃
cw	鈾	鈿	錙	錨	鐳	鐺	鎦	鐇	鑭
cx	鏽	錎	鍤	鑇	䤾
cy	釙	鉲	鉖	鋂	䤵
da	杳	柏	楮	楷	槽	檜	櫓	栒	栺
db	柿	柄	梢	桶	棘	棗	棉	棚	槁
dc	棋	楨	槓	頗	橫	賴	檳	櫃	櫝
dd	李	林	株	梱	棵	森	榛	樑	橾
de	皮	枝	板	梭	梂	棣	椒	樣	隸
df	杯	杰	柬	紮	棕	焚	楝	禁	標
dg	杜	枉	柱	框	桂	栓	梃	椎	榷
dh	才	材	杉	杪	枴	彬	梯	楊	鬱
di	寸	村	杓	松	梵	棧	韌	楓	槐
dj	末	杆	杵	枓	枰	梓	桿	棹	楠
dk	杖	枚	校	敕	梗	楔	模	樊	橄
dl	束	析	柳	柙	梆	榔	椰	槨	櫛
dm	本	杠	柑	查	柢	桓	栩	植	極
dn	刺	杭	杼	剌	栘	桁	榆	檸	刌
do	來	柩	核	桃	楚	樅	樸	橡	檢
dp	枇	棍	想	懋	麓	欐	朼	杙	杺
dq	韋	棒	攀	杽	柈	揧	楗	椲	舝
dr	杏	枯	柯	枸	桔	桐	格	梧	棺
ds	朽	枋	柞	楞	榜	榨	朸	杇	枍
dt	柵	械	楹	橙	檻	枅	枻	柆	栟
du	札	杞	枕	杷	相	梳	桅	皰	梔
dv	根	婪	棲	樓	櫻	桉	桹	桭	桵
dw	東	柚	棟	榴	檔	檣	欄	栖	椔
dx	樁	韜	槄	橚	櫅	櫹	桕
dy	朴	柝	梅	柊	栴	棜	棑	榧	檌
ea	汨	泊	洵	渚	湣	漕	潛	澗	汩
eb	沛	洧	消	浦	涓	涌	清	淪	淆
ec	泗	洪	淇	淦	滇	演	漬	潰	潠
ed	汙	池	沐	沬	染	柒	桑	浮	梁
ee	沒	汲	泳	波	浸	浚	淑	涵	渡
ef	涼	淙	淡	源	滅	漂	漯	漁	潦
eg	汪	注	浬	涅	涯	淫	淮	渥	湮
eh	沙	汾	泌	涕	涉	湯	渺	滲	澎
ei	叉	汐	汍	汎	汰	法	泓	泠	蚤
ej	汁	汗	汛	沫	洱	淬	湃	渾	滓
ek	決	沃	汶	泱	洶	液	淚	湊	渙
el	沖	沂	泖	洲	浙	淵	淅	湎	漸
em	江	沍	沮	泜	洹	涇	涎	渲	渣
en	汀	汽	沆	沸	洌	涔	涮	湔	測
eo	泅	泛	洮	浹	涿	漩	漢	漱	濠
ep	沁	沘	沱	泥	泯	洩	涊	添	混
eq	洋	津	泮	洚	洠	浶	挲	湋	湕
er	河	沽	沾	沼	沿	治	洞	活	洽
es	污	沔	湧	渤	滂	氻	汸	泐	洰
et	泣	泄	洫	盜	溢	溘	溫	澄	澧
eu	氾	汕	沈	沉	沅	沌	況	泡	流
ev	汝	派	娑	浪	婆	淒	湛	渴	裟
ew	油	酒	淄	溜	潘	瀋	瀾	沺	洒
ex	滔	濟	瀟	淊	潚	㳫
ey	汴	海	淤	泝	洀	灖	渄
fa	粕	嘗	熾	燴	糟	焟	粨	熠	糌
fb	肖	炳	脊	常	烯	幣	精	糊	燸
fc	烘	煩	賞	糞	類	烡	熐	熉	頖
fd	米	籽	棠	煤	榮	燦	燥	爍	灺
fe	叛	煆	煖	燮	燬	糠	爆	粄	焌
ff	炎	煉	熒	粽	燎	燃	糕	縈	燻
fg	灶	堂	雀	塋	煙	煌	瑩	糧	耀
fh	少	券	炒	粉	煬	糝	灱	粅	焍
fi	灼	炫	螢	燭	糰	炂	炩	籿	燖
fj	料	焊	烽	粹	輝	炓	籵	籸	粁
fk	尖	敉	敝	敞	煥	粳	燉	燠	糢
fl	鄰	炘	粌	郯	炠
fm	粗	煽	灴	炟	炡	烜	烒	烴	烻
fn	判	炕	削	彆	弮	籺	剡	烆	瓽
fo	炊	豢	燧	尐	烑	烗	烼	欻	焮
fp	焜	熄	燜	斃	烢	憋	熝	熜	燱
fq	半	拳	烊	掌	犖	燐	牶	揱	煒
fr	尚	炯	炤	烙	焙	熔	糖	營	糙
fs	劣	炬	炸	烤	勞	粔	爔	炉	㶭
ft	粒	煜	弊	燈	燼	爐	烅	粣	焺
fu	光	卷	炮	省	眷	氅	燒	瞥	炖
fv	煨	裳	籹	烺	嫈	煁	嫳	粻	粼
fw	當	爛	粞	煪	燔	醟	糷	粬	畑
fx	焰	熽	爓	熖
fy	炵	烞	烸	㸆
ga	堵	增	赭	馨	堷	韾	堦
gb	冉	埔	堉	趙	幫	壩	埇	埽	堋
gc	赤	填	赫	墳	賣	頡	壙	贅	埧
gd	地	圩	垀	垛	垺	埻	堔	堁	埩
ge	圾	坡	赧	報	殼	鼓	穀	趣	轂
gf	坏	塢	熬	熱	熹	壎	燾	埮	堜
gg	圭	埋	堆	墊	臺	坴	垤	垚	埕
gh	場	彭	趁	坋	埸	赻	趀	墋	声
gi	去	寺	封	執	塊	塒	壽	螫	圴
gj	坪	幸	埠	埤	趕	聱	聲	鼙	毐
gk	埂	埃	敖	赦	堠	塽	墩	坱	垘
gl	圳	圻	坤	赳	郝	邽	邿	垹	墎
gm	址	均	坩	坦	垣	域	壺	塌	墟
gn	坑	圢	圪	坅	刲	坲	垿	埁	堬
go	坎	走	垓	堤	款	塚	壕	垗	欯
gp	志	懿	坁	坭	坨	垞	恚	塨	塶
gq	墀	摯	坢	垟	垏	埲	犎	摮	摰
gr	吉	坷	垢	培	喜	堝	超	嗇	塘
gs	圬	劫	坊	城	垮	勢	劼	坳	赲
gt	垃	盍	壹	塭	壴	塏	墱	壏	壒
gu	圯	起	堯	境	罄	趨	瞽	鼇	圠
gv	垠	袁	喪	堪	堰	越	壞	壤	垵
gw	墦	埬	堛	塯	趥	墻	墙	壋
gx	埳	壛
gy	坍	卦	坼	赴	鼕
ha	白	昏	徇	香	舶	筍	箔	箸	稽
hb	帛	肩	帥	師	稍	稀	策	犒	稱
hc	貿	須	箕	與	質	積	興	頹	輿
hd	乎	禾	朱	朵	牠	釆	季	竽	徐
he	反	役	彼	後	段	泉	皈	叟	殷
hf	系	秋	烏	鳥	毯	鳳	禦	篤	鵝
hg	壬	牡	往	皇	重	凰	徨	程	筐
hh	身	物	秒	秘	第	穆	穋	穢	颺
hi	凡	么	丟	夙	舟	卵	我	私	的
hj	千	卑	阜	拜	科	竿	皋	秤	秣
hk	夭	囪	戾	牧	秧	笑	臭	啟	皎
hl	斤	卯	印	卹	所	秉	邸	卿	御
hm	氐	生	征	竺	垂	牲	牴	徑	扇
hn	几	行	利	刮	制	剁	彿	衍	航
ho	八	爪	乏	失	瓜	欣	臾	徒	秩
hp	氏	牝	皂	乖	忝	怎	乘	息	舐
hq	牛	律	徉	犁	掣	筆	毽	肇	舉
hr	各	向	后	舌	吞	告	和	咎	徊
hs	戶	乍	彷	秀	房	舫	動	笮	甥
ht	升	血	扁	笠	算	艋	皚	盤	盥
hu	毛	卮	先	自	禿	兒	爬	秈	看
hv	委	很	裊	鼠	製	簑	簍	穠	魍
hw	留	笛	番	釉	穡	鼬	籀	籣	徆
hx	臼	稻	簫	臿	穧	艩
hy	冬	斥	徘	扉	靠	箊	篚	馡	鼨
ia	昶	庴	廜	廥	禬	询	禇	黁	间
ib	甫	席	朗	庸	廟	膺	禸	凊	廗
ic	朮	麻	貳	廉	祺	資	禎	廣	賡
id	床	凜	糜	麋	祂	庥	枲	凈	庨
ie	永	冰	求	度	凌	康	廄	皴	廈
if	為	庶	戚	馮	熊	鳶	鷓	鷹	炱
ig	社	准	庭	座	塵	庄	庢	凐	隿
ih	戊	祕	參	廖	尨	庌	庬	禓	参
ii	戍	冷	府	麼	廚	禱	魔	麝	戔
ij	戎	庫	禪	庳	軬	祽	禈	廦	禫
ik	犬	矣	祆	救	廠	敷	犮	冹	祅
il	州	祁	祈	郎	神	廊	廓	臧	鄘
im	式	戌	底	或	祉	祖	祗	冱	彧
in	划	序	冽	瓷	廁	麂	庈	剆	瓵
io	之	次	庚	庾	腐	凝	蹙	庂	庣
ip	弋	庇	怠	祇	恣	能	鹿	惑	感
iq	牟	庠	祥	摩	麟	禕	犘	廨	廯
ir	台	冶	店	咨	咸	凋	唐	祐	祠
is	成	祚	礽	祊	门	户
it	弁	戒	盛	盞	禮	廬	庰	盚	祴
iu	允	尤	庖	祀	祝	庵	廂	視	麾
iv	良	姿	威	裘	禳	戉	凄	祣	祳
iw	凍	畚	福	庮	廇	廧	庙
ix	麡
iy	靡
ja	者	耆	宿	暫	窨
jb	帘	宥	胡	宵	寓	朝	輔	輛	輪
jc	穴	真	寅	賁	實	賓	戴	賽	額
jd	未	字	宇	孝	孛	宋	案	栽	寐
je	支	寇	寂	寢	輟	軗	寑	寖	嘏
jf	宗	索	煮	察	寮	寫	窯	鴣	繫
jg	室	窒	耋	塞	輊	塹	截	窪	釐
jh	穿	寡	寥	宓	軫	剺	轇	輰	窃
ji	守	宏	軔	專	麥	博	戟	蜜	寬
jj	廾	車	南	宰	軒	辜	幹	載	斡
jk	丈	吏	故	突	教	窗	較	寞	輳
jl	宦	斬	都	麵	宧	窌	郣	郪	輀
jm	士	宜	直	空	宣	翅	軾	輕	翰
jn	究	事	穹	剋	軌	剜	乾	割	寧
jo	定	家	窕	軟	軼	麩	疌	宨	窆
jp	它	宅	老	惠	輥	憲	寵	軝	悹
jq	牢	搴	犛	擊	韓	轔	甯	麰	车
jr	古	官	哉	客	害	宮	容	寄	窘
js	考	協	勃	窄	窈	勀	宬	寯	麪
jt	卉	寍	軿	轀	轞	轤	麷	穽	䀄
ju	七	克	完	宛	軋	耄	軏	密	軛
jv	安	妻	宴	宸	裁	輞	寰	輾	轅
jw	宙	富	軸	審	輜	輻	酨	輶	轓
jx	窞	轁
jy	寒	輈
ka	旭	奢	猖	奭	旮	瘏	痻	瘖	獪
kb	布	有	希	肴	狷	病	脅	帶	猜
kc	狽	賀	痲	頰	獷	獺	癩	癲	狖
kd	存	架	猓	猙	痳	狳	猱	痚	獉
ke	友	疫	疲	殺	痠	瘦	瘢	獲	狻
kf	灰	狄	奈	疢	痰	鳩	駕	療	鵪
kg	在	狂	奎	狸	痊	雄	玀	癱	尪
kh	疹	瘍	犽	猀	痧	痝	獩	瘳	犭
ki	丸	太	狩	套	痔	奪	瘋	獨	厹
kj	瘁	痺	獐	瘴	癖	犴	狨	耷	猝
kk	爻	狡	疾	爽	猴	獄	瘓	癥	猰
kl	尬	狎	疥	郁	夼	狆	奅	狾	郟
km	左	狙	症	疳	疽	疸	猩	痙	弒
kn	九	刈	夷	疙	剎	痍	痢	瘉	獰
ko	夾	狐	疚	狹	瓠	獗	癡	狣	疺
kp	疵	痣	勰	癒	癮	疕	狔	狫	疧
kq	癬	羍	痒	獬	痈	癴
kr	加	右	奇	狗	痂	痞	痴	奩	瘩
ks	力	夸	癆	夯	劦	痄	疞
kt	奔	猛	盔	痘	瘟	尷	狦	疶	獈
ku	尢	犯	奄	疝	疤	疣	匏	癌	狁
kv	狠	狼	痕	袈	猥	猿	痿	獵	癢
kw	猶	瘤	奮	癗	猫
kx	癠
ky	疼	瘀	痱	犿	痗
la	帕	書	褚	幟	褶	蚎	衵	帾	袙
lb	巾	冑	胄	背	蛹	補	蜻	牖	蝴
lc	幀	費	貴	順	頫	冀	螟	鬨	牘
ld	蛛	牒	裸	蝶	褓	衧	衪	蚞	袘
le	版	被	幔	蝦	複	帔	沊	蚑	衱
lf	鴆	螞	鴦	螺	襟	朄	裧	幠	幜
lg	衽	帷	蛀	蛙	蛭	蜓	裡	幢	蝗
lh	初	衫	蚜	暢	蜴	虭	蚡	衯	袗
li	帆	虫	蚣	蛉	蛾	褥	蟲	蟻	襪
lj	蚪	蚌	牌	蜂	幛	裨	蝌	輩	褲
lk	史	央	蚊	袂	斐	蛟	袱	蜈	數
ll	川	片	申	串	邶	蚓	蜥	螂	邥
lm	虹	韭	晝	蚶	蛆	蚯	袒	畫	幗
ln	弗	鬥	蜊	劃	蝓	褕	帄	刜	虰
lo	兆	蠍	蠔	帙	蚨	蚇	衭	蛈	蛌
lp	北	曳	忠	衹	患	蛇	悲	蟋	襬
lq	聿	羋	幃	牉	袢	蛘	蛑	袶	蝆
lr	帖	蛄	蚵	蛔	蛤	蛞	裙	裕	蜘
ls	蚱	螃	甹	蚷	蚴	袎	牓	蟧	袴
lt	盅	盎	盡	蜢	蟒	襤	蠱	帡	蛢
lu	儿	胤	袍	帽	幌	蛻	蜆	覜	蜿
lv	虻	婁	帳	裴	褐	褪	螻	褸	蠟
lw	由	袖	幅	蛐	幡	蝠	蟠	襠	丳
lx	肅	幍	蜭	蠐	蠨	牐
ly	非	褂	蚸	裶	蝳	虾	袇	虲	蚒
ma	百	珀	厝	晉	殉	豬	醋	曆	珣
mb	丙	再	玥	珮	砸	脣	硝	瑚	瑞
mc	頁	貢	頂	琪	項	碰	碘	賈	頑
md	于	厚	栗	殊	珠	硃	琳	琛	粟
me	汞	歿	泵	玻	夏	破	球	豉	瑕
mf	不	示	原	烈	焉	票	瑪	碳	碼
mg	王	至	玨	型	班	珪	堊	理	斑
mh	牙	形	珍	砂	砌	瑟	殤	厂	厊
mi	云	歹	玉	瓦	矽	玲	耐	虺	砝
mj	干	平	砰	覃	琿	碎	碑	璋	醉
mk	天	攻	更	玟	玫	政	殃	致	敔
ml	而	邢	邪	斫	面	砷	鬲	琊	瑯
mm	二	三	工	互	五	丕	正	亙	酉
mn	丁	刊	列	刑	到	酊	副	琍	硎
mo	仄	巫	玖	豕	兩	砍	砭	厥	琢
mp	死	玳	恐	惡	琵	琨	愿	麗	瓏
mq	甭	璘	磷	肂	珜	珒	硉	琫	揅
mr	可	石	吾	否	殆	玷	哥	唇	珞
ms	丐	功	巧	勁	砟	雩	磅	勵	霧
mt	弄	豆	盂	珊	盃	研	磕	磴	醞
mu	兀	元	厄	玩	琉	砲	配	現	硫
mv	辰	耍	要	琅	裂	碣	碾	震	霎
mw	西	瑙	雷	霤	硒	璠	璫	磻	礌
mx	霽	璾	璛	瑫
my	下	雨	霉	霏	玬	砃	厞	珘	琲
na	陌	階	魯	鯧	鰭	陼	矠	觰	鮨
nb	胥	隋	隅	隔	隨	孺	彌	鮪	鯖
nc	小	負	隕	預	夤	隒	彉	隤	頠
nd	子	孕	弛	柔	桀	除	穌	孖	阤
ne	及	阪	函	陂	陵	陬	發	鰥	觼
nf	灸	孫	魚	煞	隙	際	燄	鴛	鯀
ng	丑	廷	角	陛	陞	陸	隍	墜	墮
nh	矛	陽	觴	陟	魛	魦	魵	鮅	鯓
ni	夕	弘	多	兔	弦	虱	附	強	蛋
nj	阡	弭	陣	斛	陴	障	彈	鰱	阠
nk	又	孜	奐	癸	鮫	觖	陾	隞	敶
nl	弔	引	鄧	鯽	觓	陑	郔	鄈	觫
nm	孑	丞	延	阻	弱	陘	隆	陲	彊
nn	了	予	阬	矜	弼	粥	凳	阣	陊
no	久	孓	欠	疋	孤	弧	承	孩	飛
np	陀	急	怨	恿	隱	隴	鰓	阰	愻
nq	舛	甬	建	降	解	鮮	鱗	丮	觲
nr	名	阿	夠	陪	詹	鯛	鱔	鱷	弨
ns	乃	防	勇	勉	觔	務	阞	阼	陓
nt	阱	孟	盈	登	隘	鱸	盄	隑	孻
nu	乙	孔	危	色	免	阮	院	疏	陶
nv	限	陋	張	飧	妴	婺	隇	隈	彋
nw	陳	鯔	鰡	鱕	廸	鰌	乪	䲤	鮋
nx	陷	卍	隮	鱐	鱭	䧟
ny	外	陫	鯡	鮗
oa	伯	佰	借	倡	偺	偕	智	會	僧
ob	內	佈	佩	佾	侑	俑	俏	倩	倆
oc	兵	供	俱	偵	貨	貪	貸	債	傾
od	仔	他	休	余	侏	保	俘	氣	條
oe	伋	侵	俊	隻	假	氯	飯	傻	優
of	伙	你	係	偽	氮	焦	無	絛	僚
og	仕	任	全	住	坐	佳	佺	隹	俚
oh	入	乒	份	氛	修	傷	僇	伢	佖
oi	付	令	仞	乓	伐	伶	每	侍	俄
oj	什	午	仟	倖	俾	斜	傘	餌	僻
ok	仗	矢	伊	伏	攸	使	侯	便	俟
ol	介	仲	仰	伸	卸	命	邱	郃	偭
om	仁	丘	伍	企	佐	但	低	俎	缸
on	乞	仃	仇	今	伉	佇	佛	例	侈
oo	伕	肉	似	佚	佻	俠	促	氦	傢
op	化	代	仳	佗	佬	念	悠	您	傯
oq	件	年	伴	佣	佯	俸	拿	氧	偉
or	合	何	估	佑	伽	伺	佔	佝	含
os	仍	仿	氖	作	矩	傍	飭	雋	仂
ot	位	併	侖	盒	短	氳	餅	儘	伳
ou	仙	缶	侃	岱	岳	倦	俺	倔	倪
ov	佞	依	食	倀	倭	氨	偃	偎	偯
ow	佃	儅	儡	餾	氥	偪	偤	畣	酓
ox	儕	餡	偛	饀
oy	仆	侮	俳	佧	佟	侜	氡	⻞
pa	旨	旬	怕	皆	惜	憎	曶	恉	恂
pb	怖	匍	悄	情	惰	惴	慵	懦	怲
pc	怵	頃	慎	頓	慣	憤	穎	懶	怬
pd	也	悖	悸	惇	慄	愾	懍	匊	恘
pe	愎	慷	慢	皺	忮	忣	怓	悛	惙
pf	恢	愀	憬	憔	憮	怀	炰	悰	惔
pg	忸	怪	惟	惶	雊	憧	懂	雛	懼
ph	切	勿	必	悌	惕	慘	忉	怭	毖
pi	勺	勾	忖	忪	怯	恃	愧	怜	惤
pj	悍	悴	悻	悼	憚	懾	忏	匉	忤
pk	匆	匈	快	怏	憫	懊	忕	忷	恔
pl	悚	鄒	慚	忡	忻	邲	斪	郇	愐
pm	勻	怔	性	怛	恆	惺	懺	怚	怌
pn	刎	刨	怫	惻	愉	乜	勼	忔	忴
po	愜	疑	忺	怢	恌	欨	惿	懅	憸
pp	比	忽	怩	惚	憶	憾	忯	怋	恅
pq	肄	憐	懈	怑	甮	愇
pr	句	怡	恰	恬	恫	恪	悟	惦	惆
ps	劬	愣	愕	慟	怍	怮	勓	勩	懏
pt	世	恤	慍	愷	恲	悈	㦉	憕	懢
pu	屯	包	忱	恍	悅	芻	惋	慨	慌
pv	忙	恨	悽	悵	惘	愒	懷	怴	悢
pw	甸	匐	惱	怞	恓	愊	慉
px	慆	懠
py	悔	忭	悱
qa	拍	指	春	措	揩	替	摺	抇	晢
qb	青	捎	捕	捐	掃	掄	揣	揹	搞
qc	扒	拱	責	損	撰	擴	擷	捇	掽
qd	耒	拖	捆	秦	探	掙	採	掬	揉
qe	技	扳	投	披	泰	授	援	搬	搜
qf	素	掠	捺	揀	揪	摭	撩	撫	撚
qg	扭	拄	拴	挂	挺	挫	捱	推	握
qh	抄	扮	拐	揚	摻	抮	捗	耖	摎
qi	找	拇	拎	持	毒	耘	搏	搔	蜇
qj	丰	抖	抹	抨	捍	掉	揖	揮	摔
qk	抉	抆	拔	契	奏	挨	掖	捩	揆
ql	折	抑	邦	押	挪	撕	擲	扴	邞
qm	扛	扯	抵	拭	拯	捏	彗	控	捶
qn	打	抗	抒	拂	挖	捌	捫	擰	扢
qo	夫	扶	抓	挑	挾	捉	捷	掀	提
qp	托	批	抿	拽	捻	慧	撼	擺	攏
qq	奉	拌	挈	捧	撐	撻	掱	掰	揵
qr	扣	招	拓	拈	拘	抬	拮	括	拾
qs	扔	拒	拋	拗	拷	勣	搾	撈	擄
qt	拉	拚	拼	耕	摒	抴	揜	搤	搕
qu	扎	把	扼	拙	抱	挽	耙	耗	捲
qv	表	按	振	接	揭	摟	攘	拫	挀
qw	抽	描	播	擋	擂	攔	揊	揂	搐
qx	舂	插	擠	掐	搯	㩋
qy	扑	拆	掛	排	抃	挴	攠
ra	啪	唱	嗜	嘈	踏	嚐	嚕	躇	咰
rb	吊	吶	哨	唷	哺	唏	啃	啼	喘
rc	只	叭	哄	趴	員	巽	跡	嘛	嘖
rd	吁	呆	味	呼	咪	咻	哮	喋	嗓
re	吸	吱	呶	唆	啜	跛	噯	踱	唚
rf	啖	啾	嗦	嗎	嗚	嗉	鳴	嘹	嘿
rg	吐	呈	哇	哩	唯	喔	喱	踵	雖
rh	叨	吩	吻	吵	呀	嘐	踢	咇	唦
ri	吋	吆	咐	哦	喲	嗤	戢	嘎	嘰
rj	啤	喃	單	嗥	嗶	嘩	蹕	囁	躡
rk	吳	吠	咬	哎	咽	咿	哭	唉	哽
rl	叩	叫	听	呻	呷	哪	唧	郢	啣
rm	叼	呸	咀	啞	趾	喧	喳	唾	嗟
rn	叮	吃	別	吭	吟	咒	咦	咧	哼
ro	呎	吹	足	呱	咳	啄	趺	喙	跌
rp	叱	民	吒	呢	唸	跎	嗯	愍	噫
rq	咩	躂	吽	哖	哞	唪	喡	跘	噠
rr	呂	呵	咖	咕	品	哈	咯	唁	唔
rs	另	叻	咋	勛	距	跨	嘮	踴	呺
rt	啦	跚	嗑	噎	蹬	呏	哢	趼	啽
ru	巳	兄	吧	呃	吮	吼	邑	咄	咆
rv	喝	喂	跟	嘍	噥	噶	嚷	嚶	饕
rw	哂	噹	唒	喵	跴	踾	蹓	蹯	躝
rx	啗	嘯	蹈	躋	喢	嚌	蹖	嚪	嚿
ry	咚	啡	嗨	唹	跅	踇	卟	咔	啩
sa	屠	習	層	職	馹	鬊	鬐	騽	驓
sb	匝	帚	屑	匾	腎	髯	臂	臀	騙
sc	匹	咫	匱	賢	駟	頤	翼	鑒	鬚
sd	屎	屘	孱	馳	檗	匜	棸	屧	髹
se	尿	取	屐	馭	殿	履	毆	駿	翍
sf	耿	馬	熙	緊	熨	鬃	騵	驃	騾
sg	匡	屆	屋	堅	匯	聖	翟	駐	壁
sh	刀	劈	匢	翂	髟	翏	駜	駗	髳
si	刃	尉	聆	尋	戮	駙	戳	璧	鬆
sj	耳	辟	翠	聶	驛	屖	聑	馯	匰
sk	尹	改	馱	駁	駛	髮	翇	镺	駃
sl	匠	臣	匣	那	邵	耶	郡	聊	郾
sm	刁	羽	翳	羾	聇	聝	聜	駓	駔
sn	刷	甌	尻	匟	刵	耵	耹	剭	匭
so	尺	臥	聚	歐	駭	驗	驟	翐	镻
sp	尼	屁	忌	忍	屍	恥	慝	慰	駝
sq	犀	群	肆	擘	羼	掔	犚	騝	驎
sr	召	司	叵	君	局	居	匿	區	聒
ss	巨	劻	聘	騁	劭	聈	髣	駏	騯
st	屏	羿	屜	翌	監	豎	駢	聯	鹽
su	己	已	凹	尾	兕	屈	耽	髡	髦
sv	長	展	娶	屢	屨	褽	襞	鬣	妀
sw	醫	屇	駎	髷	騮	届
sx	驌	駵
sy	匪	屝	騑	卧
ta	昔	荀	曹	普	著	暮	蓿	薯	藉
tb	芾	苒	朔	莆	期	菁	萌	萬	蒂
tc	共	並	其	典	兼	黃	蘋	鑿	萁
td	芋	某	荐	茶	茱	荸	荼	孳	棻
te	芟	芰	菠	菱	菽	菔	葭	蔓	蔆
tf	芣	羔	荻	煎	蒜	蒸	蓀	蔗	蔡
tg	荏	荃	基	羞	莊	塑	董	墓	鞋
th	芽	芬	茅	茂	剪	莎	蕩	芀	芴
ti	芍	芸	苓	茲	羚	尊	菟	戡	義
tj	卅	茉	革	茸	草	莘	萃	萍	華
tk	艾	美	英	茵	莫	奠	散	敬	猷
tl	芹	芥	茆	斯	鄞	鄭	鄴	薪	邯
tm	甘	芷	苯	酋	差	莖	翔	萱	蓊
tn	前	苧	荊	瓶	莉	夢	甍	薊	艼
to	芝	芙	茨	莢	欺	萊	菰	萸	羨
tp	花	芯	恙	恭	慈	惹	靴	慕	蔥
tq	羊	葦	摹	擎	蘚	韃	拲	荈	菶
tr	苛	苦	茄	若	苔	苟	茴	茹	茗
ts	芳	苣	荔	勒	勘	莠	募	勤	萼
tt	井	并	益	莽	葬	蒞	蓋	藍	蘆
tu	羌	芭	巷	范	茁	苜	苑	苞	首
tv	芒	姜	甚	茫	萋	萎	萇	葛	農
tw	曲	苗	蓄	蔔	蕃	蕾	薔	藩	蘭
tx	蕭	舊	薺	萏	蓞	鞱
ty	莓	菸	菲	芐	苳	蔠	蘼	苄	䒟
ua	岶	峋	崏	嶆	嶍	嶒	嶜
ub	峭	崩	崙	崤	嵩	峟	峬	崝	嵎
uc	嶼	嶺	顓	巔	岤	崟	崸	嵿	顗
ud	崢	嶸	崞	崺	嵥	嵲	嶪	櫱	糱
ue	岐	岌	峻	岋	岥	崚	嵕	凼	嵻
uf	炭	祟	崇	嵨	嶕	嶚	㟲	嶋
ug	崖	崔	峌	峚	崲	嵀	嶊	嶉	巏
uh	匕	岈	岉	嵃	崵	嵺	嵾	嵗
ui	峙	幽	峨	蚩	崧	嵐	巉	巍	屻
uj	岸	峰	峷	崋	崥	崒	嵙	輋	嶂
uk	凶	嶽	巖	岆	岟	敳	獃	巘	岚
ul	耑	嶄	屮	岓	岕	岬	峏	酆	酅
um	崆	嵯	岯	岨	峘	嵼	嵖
un	屹	岑	凱	剴	岒	岪	峛	峓	剬
uo	峽	崁	嵌	嶔	豳	峐	崨	崍	崼
up	岷	崑	岮	峔	鬯	崽	嵊	巃	㞾
uq	嵂	嶙	嶰
ur	岩	峒	峪	崎	嶇	岵	岣	岢	岧
us	屴	岠	岝	岰	峸	崿	嶀	嶗	嶲
ut	豈	嶝	豐	豔	岍	岦	㠠
uu	出	兇	峴	崛	崗	覬	艷	屼	屺
uv	崴	峖	峎	崀	崣	嵁	嵑	嶁	嶱
uw	岫	崠	崰	崷	嵧	嶓	崬
uy	嶵	峂
va	娼	婚	絢	緒	縉	縮	織	繒	繪
vb	帑	娟	納	婦	婿	媾	絹	嫡	嫦
vc	嫌	縑	縝	嬪	績	縯	繽	續	鑾
vd	好	她	妹	紆	巢	媒	彙	綑	綵
ve	奴	妓	級	媛	嫂	綾	綠	綴	綬
vf	糸	災	妳	絮	絲	媽	嫖	嫘	嫣
vg	壯	妞	妊	娃	姪	娌	紐	絰	維
vh	妙	姊	娣	紗	紛	緲	繆	縿	妢
vi	妁	姆	戕	紂	紉	約	娥	紜	將
vj	奸	婢	絨	綽	嬋	緝	緙	縫	繹
vk	收	妖	狀	姣	姻	奘	娛	紋	紱
vl	糾	娜	姬	紳	鄉	綁	緬	斷	凵
vm	姐	姓	紅	組	經	綞	纖	爿	丱
vn	妤	弩	姨	紇	剝	紼	婷	剿	彎
vo	以	姒	姚	嫁	綻	緣	緹	縱	彖
vp	妣	妮	姥	怒	恕	紕	紙	媳	媲
vq	姅	絆	絳	緯	縴	攣	姩	拏	挐
vr	如	姑	始	婀	紹	媧	結	絡	給
vs	幻	奶	幼	努	妒	妨	娉	紡	勦
vt	妍	姍	姘	紲	媼	縊	彝	媕	絣
vu	妃	紀	娓	娩	純	邕	婉	統	絀
vv	妝	姦	娘	娠	婊	綏	裝	網	嬝
vw	妯	細	緇	畿	牆	嬸	繙	醬	甾
vx	繡	嫍	縚
vy	終	緋	婔	孊	娒	㚵
wa	署	黯	罾	圕
wb	囿	胃	圃	囧	圊	圇	圌	罥	羃
wc	四	異	貫	買	圓	顆	黷	圚	顒
wd	囝	困	果	囷	罦	罧	罺	櫐	圞
we	畈	畟	敤	畯	畷	罬	斀	黢
wf	累	黑	罵	鴨	羈	罘	羆	黥	纍
wg	里	畦	墅	墨	罹	壘	羅	罜	罣
wh	囫	畛	罞	黲	团
wi	母	禺	蜀	團	疇	囹	畤	罻	国
wj	毋	圉	畢	睪	罩	毌	圛	罼	罱
wk	因	畎	畋	默	斁	奰
wl	甲	甽	界	畀	罒	畍
wm	國	置	疊	畇	罡	罝	罭	黚	翾
wn	野	夥	罰	黔	囥	町	罽	黟	㽘
wo	囚	眾	歜	圂	欭	罛	畂
wp	思	毗	恩	愚	罷	囮	毘	罠	慁
wq	畔	圍	疄
wr	回	固	圄	罟	略	畸	點	黠	圁
ws	男	黝	嬲	圀
wt	圔	黭	黸	畊
wu	囤	圈	黜	畹	罨	黕	黖	黤	黦
wv	畏	園	囡	甿	褁	瞏	圜	黮	睘
ww	圖	畾	罶	畕
wy	罪	罫	畮
xb	爫	冂	冖	⺆	⺝	⺥	⺼
xc	丷
xe	氵	氺
xf	╒	╤	╕	╞	╪	╡	╘	╧	╛
xh	╓	╥	╖	╟	╫	╢	╙	╨	╜
xi	丶	广
xj	宀
xk	疒
xl	║	丨	肀	衤	丿
xm	═
xn	乛	亅	⺄
xo	╭	╮	╰	╯	亻
xp	忄	㣺	勹
xq	扌
xr	╔	╦	╗	╠	╬	╣	╚	╩	╝
xt	卝	艹	⺾
xu	乚
xy	辶	亠	⺀	⺊	⻌	⻍
ya	迫	音	詣	詢	諸	遭	諧	諳	譜
yb	市	肓	育	肯	帝	帟	訥	逍	通
yc	六	亦	貞	述	貲	旗	選	遺	頻
yd	杗	迂	迆	享	施	迤	桌	柴	訏
ye	叔	歧	返	設	竣	詠	詖	逮	遐
yf	京	紊	烹	逖	紫	詼	遜	熟	諒
yg	主	望	逞	逛	童	註	逵	進	詮
yh	步	彥	彪	訝	診	歲	彰	諺	謬
yi	玄	玆	討	孰	訟	鹵	逸	詩	颯
yj	斗	辛	迅	卒	卓	計	訐	訊	率
yk	文	交	夜	放	奕	效	虔	送	族
yl	迎	近	郊	訓	訢	速	逝	部	郭
ym	上	止	些	虐	訌	旌	產	逕	虛
yn	亢	亨	迄	刻	亭	訂	剖	訖	處
yo	亥	迭	畝	逃	旋	逐	該	遂	誣
yp	此	忘	氓	亳	託	旎	訛	意	詫
yq	牽	詳	達	違	諱	遴	遲	邂	逄
yr	占	吝	言	迦	迢	迥	迨	站	迴
ys	方	劾	旁	訪	透	詐	虜	誇	誠
yt	立	弈	迸	逗	誡	盧	謐	證	衁
yu	充	乩	盲	虎	亮	兗	記	訕	逆
yv	亡	妄	衣	巡	妾	哀	旅	衰	衷
yw	迪	畜	迺	逼	遛	斕	遒	諨	旛
yx	齊	諂	謟
yy	卞	卡	於	訃	訴	誨	誹	旃
za	︳	〉	500
zb	，	╴	︿
zc	、	︴	﹀
zd	。	﹏	「
ze	．	（	」
zf	‧	）	﹁
zg	；	︵	﹂
zh	：	︶	『
zi	？	｛	』
zj	！	｝	﹃
zk	︰	︷	﹄
zl	…	︸	﹙
zm	‥	〔	﹚
zn	﹐	〕	﹛
zo	︹	﹜
zp	﹒	︺	﹝
zq	·	【	﹞
zr	﹔	】	‘
zs	﹕	︻	’
zt	﹖	︼	“
zu	﹗	《	”
zv	｜	》	〝
zw	–	︽	〞
zx	︱	︾	‵
zy	—	〈	′
